Fecha,Variaci√≥n
06/12/2016,0.7895
06/11/2016,0.7504
06/10/2016,0.7292
06/09/2016,0.8767
06/08/2016,0.8998
06/07/2016,0.8687
06/06/2016,0.9006
06/05/2016,0.8738
06/04/2016,1.0733
06/03/2016,1.2245
06/02/2016,1.1921
06/01/2016,1.0569
06/12/2015,1.1219
06/11/2015,0.9655
06/10/2015,0.9913
06/09/2015,0.926
06/08/2015,0.8746
06/07/2015,0.8072
06/06/2015,0.8835
06/05/2015,0.8584
06/04/2015,0.7741
06/03/2015,0.8969
06/02/2015,0.8843
06/01/2015,0.8141
06/12/2014,0.8308
06/11/2014,0.6895
06/10/2014,0.7851
06/09/2014,0.7872
06/08/2014,0.7986
06/07/2014,0.6988
06/06/2014,0.7623
06/05/2014,0.7938
06/04/2014,0.8006
06/03/2014,0.7695
06/02/2014,0.48
06/01/2014,0.6936
06/12/2013,0.6981
06/11/2013,0.8293
06/10/2013,0.6787
06/09/2013,0.6857
06/08/2013,0.6605
06/07/2013,0.6662
06/06/2013,0.6838
06/05/2013,0.7141
06/04/2013,0.561
06/03/2013,0.6139
06/02/2013,0.6357
06/01/2013,0.5873
06/12/2012,0.4655
06/11/2012,0.7087
06/10/2012,0.7022
06/09/2012,0.7266
06/08/2012,0.6694
06/07/2012,0.6884
06/06/2012,0.7039
06/05/2012,0.7221
06/04/2012,0.7335
06/03/2012,0.5218
06/02/2012,0.4235
06/01/2012,0.4228
06/12/2011,0.5485
06/11/2011,0.4857
06/10/2011,0.6349
06/09/2011,0.5998
06/08/2011,0.616
06/07/2011,0.6282
06/06/2011,0.6465
06/05/2011,0.5741
06/04/2011,0.6522
06/03/2011,0.5915
06/02/2011,0.4976
06/01/2011,0.4706
06/12/2010,0.4894
06/11/2010,0.7682
06/10/2010,0.6268
06/09/2010,0.5724
06/08/2010,0.6595
06/07/2010,0.7287
06/06/2010,0.7339
06/05/2010,0.7582
06/04/2010,0.8287
06/03/2010,0.847
06/02/2010,0.708
06/01/2010,0.6958
06/12/2009,0.6176
06/11/2009,0.6716
06/10/2009,0.6418
06/09/2009,0.7083
06/08/2009,0.6998
06/07/2009,0.6439
06/06/2009,0.6741
06/05/2009,0.5868
06/04/2009,0.6539
06/03/2009,0.5794
06/02/2009,0.5679
06/01/2009,0.5955
06/12/2008,0.5635
06/11/2008,0.6703
06/10/2008,0.669
06/09/2008,0.5318
06/08/2008,0.5594
06/07/2008,0.5796
06/06/2008,0.5314
06/05/2008,0.5011
06/04/2008,0.4827
06/03/2008,0.7625
06/02/2008,0.3774
06/01/2008,0.2746
06/12/2007,0.4872
06/11/2007,0.5172
06/10/2007,0.567
06/09/2007,0.5775
06/08/2007,0.5509
06/07/2007,0.5286
06/06/2007,0.5374
06/05/2007,0.609
06/04/2007,0.7336
06/03/2007,0.6668
06/02/2007,0.6609
06/01/2007,0.8839
06/12/2006,0.7692
06/11/2006,0.6449
06/10/2006,0.6774
06/09/2006,0.6337
06/08/2006,0.6231
06/07/2006,0.6218
06/06/2006,0.6399
06/05/2006,0.5499
06/04/2006,0.5177
06/03/2006,0.5931
06/02/2006,0.6221
06/01/2006,0.4567
06/12/2005,0.6235
06/11/2005,0.728
06/10/2005,0.693
06/09/2005,0.6867
06/08/2005,0.6247
06/07/2005,0.6572
06/06/2005,0.6722
06/05/2005,0.6573
06/04/2005,0.7314
06/03/2005,0.6918
06/02/2005,0.5143
06/01/2005,0.6223
06/12/2004,0.5081
06/11/2004,0.7601
06/10/2004,0.6177
06/09/2004,0.5331
06/08/2004,0.5141
06/07/2004,0.4806
06/06/2004,0.4707
06/05/2004,0.4442
06/04/2004,0.594
06/03/2004,0.6964
06/02/2004,0.7232
06/01/2004,0.5979
06/12/2003,0.7361
06/11/2003,0.5784
06/10/2003,0.7271
06/09/2003,0.6412
06/08/2003,0.6202
06/07/2003,0.5408
06/06/2003,0.5381
06/05/2003,0.5954
06/04/2003,0.5601
06/03/2003,0.5702
06/02/2003,0.5626
06/01/2003,0.6907
06/12/2002,0.4366
06/11/2002,0.5918
06/10/2002,0.4773
06/09/2002,0.5661
06/08/2002,0.5359
06/07/2002,0.6229
06/06/2002,0.589
06/05/2002,0.5656
06/04/2002,0.5725
06/03/2002,0.7887
06/02/2002,0.7846
06/01/2002,0.6962
06/12/2001,0.5128
06/11/2001,0.688
06/10/2001,0.5006
06/09/2001,0.505
06/08/2001,0.6032
06/07/2001,0.5586
06/06/2001,0.5373
06/05/2001,0.5997
06/04/2001,0.5666
06/03/2001,0.6293
06/02/2001,0.3946
06/01/2001,0.472
06/12/2000,0.3192
06/11/2000,0.2557
06/10/2000,0.3027
06/09/2000,0.4384
06/08/2000,0.4557
06/07/2000,0.3919
06/06/2000,0.4076
06/05/2000,0.4657
06/04/2000,0.6311
06/03/2000,0.5561
06/02/2000,0.5439
06/01/2000,0.3467
06/12/1999,0.5779
06/11/1999,0.3688
06/10/1999,0.3773
06/09/1999,0.3976
06/08/1999,0.3695
06/07/1999,0.4029
06/06/1999,0.4203
06/05/1999,0.4086
06/04/1999,0.459
06/03/1999,0.3702
06/02/1999,0.6733
06/01/1999,0.5007
06/12/1998,0.5796
06/11/1998,0.4132
06/10/1998,0.4965
06/09/1998,0.5271
06/08/1998,0.6816
06/07/1998,0.7358
06/06/1998,0.6657
06/05/1998,0.6679
06/04/1998,0.7358
06/03/1998,0.6396
06/02/1998,0.866
06/01/1998,0.6042
06/12/1997,0.6302
06/11/1997,0.5865
06/10/1997,0.6487
06/09/1997,0.625
06/08/1997,0.5491
06/07/1997,0.5101
06/06/1997,0.5308
06/05/1997,0.4235
06/04/1997,0.4551
06/03/1997,0.4617
06/02/1997,0.4288
06/01/1997,0.3746
06/12/1996,0.3893
06/11/1996,0.2816
06/10/1996,0.2276
06/09/1996,0.2696
06/08/1996,0.3206
06/07/1996,0.3238
06/06/1996,0.3547
06/05/1996,0.3908
06/04/1996,0.2725
06/03/1996,0.3242
06/02/1996,0.4562
06/01/1996,0.2625
06/12/1995,0.3477
06/11/1995,0.455
06/10/1995,0.4376
06/09/1995,0.3865
06/08/1995,0.5056
06/07/1995,0.4295
06/06/1995,0.4657
06/05/1995,0.3537
06/04/1995,0.4097
06/03/1995,0.4637
06/02/1995,0.6895
06/01/1995,0.5487
06/12/1994,0.4009
06/11/1994,0.453
06/10/1994,0.4273
06/09/1994,0.33
06/08/1994,0.3119
06/07/1994,0.3155
06/06/1994,0.387
06/05/1994,0.3819
06/04/1994,0.3568
06/03/1994,0.3568
06/02/1994,0.0791
06/01/1994,0.2902
06/12/1993,0.3188
06/11/1993,0.092
06/10/1993,0.2442
06/09/1993,0.1692
06/08/1993,0.2118
06/07/1993,0.2336
06/06/1993,0.293
06/05/1993,0.3438
06/04/1993,0.3155
06/03/1993,0.4208
06/02/1993,0.3967
06/01/1993,0.384
06/12/1992,0.2833
06/11/1992,0.0943
06/10/1992,0.1154
06/09/1992,0.0588
06/08/1992,0.1405
06/07/1992,0.1359
06/06/1992,0.2821
06/05/1992,0.3276
06/04/1992,0.2936
06/03/1992,0.4333
06/02/1992,0.4485
06/01/1992,0.4721
06/12/1991,0.3064
06/11/1991,0.3175
06/10/1991,0.3292
06/09/1991,0.3863
06/08/1991,0.388
06/07/1991,0.4462
06/06/1991,0.4813
06/05/1991,0.4107
06/04/1991,0.5168
06/03/1991,0.3658
06/02/1991,0.4661
06/01/1991,0.4512
06/12/1990,0.4481
06/11/1990,0.4797
06/10/1990,0.4277
06/09/1990,0.3144
06/08/1990,0.3479
06/07/1990,0.3453
06/06/1990,0.4114
06/05/1990,0.4274
06/04/1990,0.4907
06/03/1990,0.7328
06/02/1990,0.4072
06/01/1990,0.3613
06/12/1989,0.4013
06/11/1989,0.2541
06/10/1989,0.3044
06/09/1989,0.3019
06/08/1989,0.3021
06/07/1989,0.3016
06/06/1989,0.2727
06/05/1989,0.2779
06/04/1989,0.2891
06/03/1989,0.336
06/02/1989,0.3072
06/01/1989,0.2157
06/12/1988,0.3626
06/11/1988,0.2291
06/10/1988,0.3009
06/09/1988,0.3211
06/08/1988,0.3199
06/07/1988,0.3431
06/06/1988,0.3865
06/05/1988,0.3811
06/04/1988,0.4426
06/03/1988,0.4828
06/02/1988,0.3901
06/01/1988,0.5487
06/12/1987,0.5316
06/11/1987,0.3306
06/10/1987,0.3347
06/09/1987,0.4321
06/08/1987,0.3832
06/07/1987,0.4182
06/06/1987,0.3013
06/05/1987,0.3339
06/04/1987,0.3009
06/03/1987,0.2541
06/02/1987,0.5028
06/01/1987,0.3115
06/12/1986,0.2179
06/11/1986,0.1548
06/10/1986,0.2066
06/09/1986,0.1716
06/08/1986,0.1698
06/07/1986,0.1686
06/06/1986,0.2534
06/05/1986,0.2507
06/04/1986,0.2613
06/03/1986,0.2966
06/02/1986,0.2788
06/01/1986,0.3249
06/12/1985,0.1978
06/11/1985,0.1181
06/10/1985,0.1303
06/09/1985,0.101
06/08/1985,0.1287
06/07/1985,0.0779
06/06/1985,0.129
06/05/1985,0.1959
06/04/1985,0.1488
06/03/1985,0.1875
06/02/1985,0.0176
06/01/1985,0.1783
06/12/1984,-0.0926
06/11/1984,0.0365
06/10/1984,0.1187
06/09/1984,0.1431
06/08/1984,0.1687
06/07/1984,0.1193
06/06/1984,0.1306
06/05/1984,0.2834
06/04/1984,0.1503
06/03/1984,0.272
06/02/1984,0.1753
06/01/1984,0.2831
06/12/1983,0.2748
06/11/1983,0.4313
06/10/1983,0.2113
06/09/1983,0.3175
06/08/1983,0.3228
06/07/1983,0.2663
06/06/1983,0.2629
06/05/1983,0.2881
06/04/1983,0.2918
06/03/1983,0.4256
06/02/1983,0.4834
06/01/1983,0.5169
06/12/1982,0.4355
06/11/1982,0.151
06/10/1982,0.1771
06/09/1982,0.233
06/08/1982,0.1406
06/07/1982,0.1436
06/06/1982,0.1231
06/05/1982,0.1923
06/04/1982,0.2054
06/03/1982,0.0833
06/02/1982,0.1593
06/01/1982,0.1342
06/12/1981,0.42
06/11/1981,0.2119
06/10/1981,0.1687
06/09/1981,0.186
06/08/1981,0.2428
06/07/1981,0.2268
06/06/1981,0.2853
06/05/1981,0.262
06/04/1981,0.3579
06/03/1981,0.4083
06/02/1981,0.3629
06/01/1981,0.4656
06/12/1980,0.2674
06/11/1980,0.3319
06/10/1980,0.1821
06/09/1980,0.2008
06/08/1980,0.1957
06/07/1980,0.2172
06/06/1980,0.2474
06/05/1980,0.316
06/04/1980,0.3082
06/03/1980,0.2389
06/02/1980,0.3506
06/01/1980,0.308
06/12/1979,0.5032
06/11/1979,0.2953
06/10/1979,0.2945
06/09/1979,0.2519
06/08/1979,0.2263
06/07/1979,0.1746
06/06/1979,0.2183
06/05/1979,0.1569
06/04/1979,0.1112
06/03/1979,0.243
06/02/1979,0.0922
06/01/1979,0.1602
06/12/1978,0.1512
06/11/1978,0.2245
06/10/1978,0.0646
06/09/1978,0.0748
06/08/1978,0.0033
06/07/1978,0.0699
06/06/1978,0.0532
06/05/1978,0.0596
06/04/1978,0.1324
06/03/1978,0.2228
06/02/1978,0.1306
06/01/1978,0.1606
06/12/1977,0.1124
06/11/1977,0.2603
06/10/1977,0.1189
06/09/1977,0.1867
06/08/1977,0.1418
06/07/1977,0.1737
06/06/1977,0.2474
06/05/1977,0.2368
06/04/1977,0.282
06/03/1977,0.3109
06/02/1977,0.2384
06/01/1977,0.0639
06/12/1976,0.0906
06/11/1976,-0.0432
06/10/1976,-0.1821
06/09/1976,-0.0426
06/08/1976,-0.0894
06/07/1976,-0.0846
06/06/1976,-0.074
06/05/1976,-0.1228
06/04/1976,-0.0223
06/03/1976,-0.2394
06/02/1976,-0.1221
06/01/1976,-0.0181
06/12/1975,-0.0895
06/11/1975,-0.145
06/10/1975,-0.1236
06/09/1975,0.017
06/08/1975,-0.0671
06/07/1975,0.0055
06/06/1975,0.0342
06/05/1975,0.0693
06/04/1975,0.0779
06/03/1975,0.1096
06/02/1975,0.0326
06/01/1975,0.1201
06/12/1974,-0.0976
06/11/1974,-0.0671
06/10/1974,-0.0831
06/09/1974,-0.0428
06/08/1974,0.0131
06/07/1974,0.0195
06/06/1974,-0.0375
06/05/1974,-0.0246
06/04/1974,-0.042
06/03/1974,-0.0509
06/02/1974,-0.2548
06/01/1974,-0.1953
06/12/1973,0.0277
06/11/1973,0.022
06/10/1973,0.0446
06/09/1973,0.0563
06/08/1973,0.0774
06/07/1973,0.1163
06/06/1973,0.1972
06/05/1973,0.2152
06/04/1973,0.2502
06/03/1973,0.3305
06/02/1973,0.3722
06/01/1973,0.259
06/12/1972,0.2529
06/11/1972,0.0799
06/10/1972,0.0891
06/09/1972,0.0207
06/08/1972,0.0863
06/07/1972,0.0639
06/06/1972,0.0765
06/05/1972,0.0147
06/04/1972,0.0357
06/03/1972,0.0014
06/02/1972,-0.1624
06/01/1972,-0.2415
06/12/1971,-0.0198
06/11/1971,0.0363
06/10/1971,-0.0763
06/09/1971,-0.0443
06/08/1971,-0.0688
06/07/1971,-0.063
06/06/1971,-0.1243
06/05/1971,-0.0899
06/04/1971,-0.1299
06/03/1971,-0.1412
06/02/1971,-0.2144
06/01/1971,-0.0045
06/12/1970,-0.0954
06/11/1970,0.0226
06/10/1970,-0.0367
06/09/1970,0.0077
06/08/1970,-0.0198
06/07/1970,-0.0218
06/06/1970,0.0295
06/05/1970,0.0414
06/04/1970,0.131
06/03/1970,0.0317
06/02/1970,0.2353
06/01/1970,0.1214
06/12/1969,0.2468
06/11/1969,0.1896
06/10/1969,0.0713
06/09/1969,0.0843
06/08/1969,0.0954
06/07/1969,0.0933
06/06/1969,0.0766
06/05/1969,0.1756
06/04/1969,0.1935
06/03/1969,0.1222
06/02/1969,-0.1038
06/01/1969,-0.1295
06/12/1968,-0.0431
06/11/1968,0.0156
06/10/1968,0.0471
06/09/1968,-0.0112
06/08/1968,-0.0143
06/07/1968,-0.0197
06/06/1968,-0.0161
06/05/1968,-0.0803
06/04/1968,-0.0703
06/03/1968,0.1508
06/02/1968,-0.1266
06/01/1968,-0.1865
06/12/1967,-0.04
06/11/1967,-0.0212
06/10/1967,0.1288
06/09/1967,-0.0317
06/08/1967,-0.0055
06/07/1967,-0.0177
06/06/1967,-0.0299
06/05/1967,0.1243
06/04/1967,0.0056
06/03/1967,0.0029
06/02/1967,-0.1656
06/01/1967,-0.1068
06/12/1966,-0.1244
06/11/1966,-0.0465
06/10/1966,-0.0592
06/09/1966,0.0261
06/08/1966,0.0191
06/07/1966,0.0667
06/06/1966,0.0577
06/05/1966,-0.0359
06/04/1966,-0.0908
06/03/1966,-0.0025
06/02/1966,-0.0373
06/01/1966,-0.0458
06/12/1965,-0.0124
06/11/1965,-0.09
06/10/1965,0.0238
06/09/1965,-0.0503
06/08/1965,-0.0464
06/07/1965,-0.0841
06/06/1965,-0.0434
06/05/1965,-0.0787
06/04/1965,-0.1875
06/03/1965,-0.1005
06/02/1965,-0.1966
06/01/1965,-0.0699
06/12/1964,-0.2651
06/11/1964,-0.2017
06/10/1964,-0.2665
06/09/1964,-0.2093
06/08/1964,-0.1669
06/07/1964,-0.1111
06/06/1964,-0.0931
06/05/1964,-0.098
06/04/1964,-0.1847
06/03/1964,-0.1421
06/02/1964,-0.1048
06/01/1964,0.0488
06/12/1963,0.0812
06/11/1963,0.1947
06/10/1963,0.2148
06/09/1963,0.1629
06/08/1963,0.1579
06/07/1963,0.1382
06/06/1963,0.0499
06/05/1963,0.013
06/04/1963,-0.0041
06/03/1963,-0.0216
06/02/1963,0.2566
06/01/1963,0.0376
06/12/1962,0.0881
06/11/1962,0.0745
06/10/1962,0.0796
06/09/1962,0.0606
06/08/1962,0.0552
06/07/1962,0.0905
06/06/1962,0.0574
06/05/1962,0.0589
06/04/1962,0.0763
06/03/1962,0.1197
06/02/1962,0.1698
06/01/1962,0.1345
06/12/1961,-0.0171
06/11/1961,0.016
06/10/1961,-0.035
06/09/1961,-0.0041
06/08/1961,0.032
06/07/1961,0.035
06/06/1961,0.1479
06/05/1961,0.1614
06/04/1961,0.1335
06/03/1961,0.1646
06/02/1961,0.1768
06/01/1961,0.1188
06/12/1960,0.2278
06/11/1960,-0.0484
06/10/1960,0.039
06/09/1960,0.0638
06/08/1960,0.0461
06/07/1960,0.0339
06/06/1960,0.0772
06/05/1960,-0.0841
06/04/1960,-0.0954
06/03/1960,-0.2041
06/02/1960,0.1858
06/01/1960,0.0032
06/12/1959,-0.0343
06/11/1959,-0.079
06/10/1959,-0.0137
06/09/1959,0.097
06/08/1959,0.0516
06/07/1959,0.0671
06/06/1959,0.0849
06/05/1959,0.0263
06/04/1959,0.118
06/03/1959,0.2041
06/02/1959,0.0682
06/01/1959,0.125
06/12/1958,0.1452
06/11/1958,0.0896
06/10/1958,0.0405
06/09/1958,0.0186
06/08/1958,0.0528
06/07/1958,0.0649
06/06/1958,0.0624
06/05/1958,0.1007
06/04/1958,0.114
06/03/1958,0.1181
06/02/1958,0.2103
06/01/1958,0.2964
06/12/1957,0.229
06/11/1957,0.1282
06/10/1957,0.0143
06/09/1957,0.0748
06/08/1957,0.1302
06/07/1957,0.0596
06/06/1957,0.1577
06/05/1957,0.1092
06/04/1957,-0.0193
06/03/1957,-0.068
06/02/1957,-0.1118
06/01/1957,-0.1178
06/12/1956,-0.153
06/11/1956,-0.1564
06/10/1956,-0.1989
06/09/1956,-0.252
06/08/1956,-0.1866
06/07/1956,-0.1346
06/06/1956,-0.1437
06/05/1956,-0.2275
06/04/1956,-0.2846
06/03/1956,-0.2003
06/02/1956,-0.2732
06/01/1956,-0.1773
06/12/1955,-0.2706
06/11/1955,-0.2373
06/10/1955,-0.1232
06/09/1955,-0.0923
06/08/1955,-0.0262
06/07/1955,-0.0881
06/06/1955,-0.0695
06/05/1955,-0.1274
06/04/1955,-0.2383
06/03/1955,-0.3091
06/02/1955,-0.1303
06/01/1955,0.0879
06/12/1954,-0.1859
06/11/1954,0.039
06/10/1954,-0.0694
06/09/1954,-0.0595
06/08/1954,-0.0913
06/07/1954,-0.1229
06/06/1954,-0.1161
06/05/1954,-0.202
06/04/1954,-0.1766
06/03/1954,-0.091
06/02/1954,-0.0865
06/01/1954,-0.2352
06/12/1953,0.0555
06/11/1953,-0.0621
06/10/1953,0.0723
06/09/1953,0.0632
06/08/1953,0.0812
06/07/1953,0.0662
06/06/1953,0.124
06/05/1953,0.144
06/04/1953,0.1873
06/03/1953,0.1539
06/02/1953,0.1534
06/01/1953,0.1037
06/12/1952,-0.008
06/11/1952,-0.1975
06/10/1952,-0.0366
06/09/1952,0.0653
06/08/1952,0.0647
06/07/1952,0.0735
06/06/1952,0.0396
06/05/1952,0.034
06/04/1952,0.0666
06/03/1952,-0.048
06/02/1952,0.0921
06/01/1952,0.152
06/12/1951,0.2148
06/11/1951,0.026
06/10/1951,0.1081
06/09/1951,0.1322
06/08/1951,0.113
06/07/1951,0.1101
06/06/1951,0.0381
06/05/1951,0.0569
06/04/1951,-0.0877
06/03/1951,-0.1689
06/02/1951,-0.4101
06/01/1951,-0.2903
06/12/1950,-0.181
06/11/1950,-0.3605
06/10/1950,-0.1661
06/09/1950,-0.1049
06/08/1950,-0.1382
06/07/1950,-0.1053
06/06/1950,-0.0559
06/05/1950,-0.0536
06/04/1950,-0.1706
06/03/1950,-0.0868
06/02/1950,-0.2389
06/01/1950,-0.2777
06/12/1949,-0.1821
06/11/1949,-0.0534
06/10/1949,-0.0297
06/09/1949,-0.0701
06/08/1949,-0.0217
06/07/1949,-0.077
06/06/1949,-0.1486
06/05/1949,-0.0063
06/04/1949,0.0076
06/03/1949,-0.0732
06/02/1949,-0.1476
06/01/1949,0.1209
06/12/1948,-0.1121
06/11/1948,-0.056
06/10/1948,-0.065
06/09/1948,-0.1032
06/08/1948,-0.0282
06/07/1948,-0.0622
06/06/1948,-0.015
06/05/1948,0.1427
06/04/1948,-0.0646
06/03/1948,-0.1841
06/02/1948,-0.0906
06/01/1948,0.0535
06/12/1947,-0.1463
06/11/1947,-0.0238
06/10/1947,0.0549
06/09/1947,-0.1306
06/08/1947,-0.0623
06/07/1947,-0.0138
06/06/1947,0.0208
06/05/1947,-0.019
06/04/1947,0.0143
06/03/1947,-0.0079
06/02/1947,-0.0774
06/01/1947,-0.1816
06/12/1946,-0.2636
06/11/1946,-0.0119
06/10/1946,-0.0057
06/09/1946,-0.0164
06/08/1946,-0.0697
06/07/1946,-0.0367
06/06/1946,-0.1016
06/05/1946,-0.0298
06/04/1946,0.1768
06/03/1946,0.0005
06/02/1946,0.0888
06/01/1946,0.2209
06/12/1945,-0.0475
06/11/1945,0.1955
06/10/1945,0.2569
06/09/1945,0.2578
06/08/1945,0.3546
06/07/1945,0.1652
06/06/1945,0.1413
06/05/1945,0.1761
06/04/1945,0.2764
06/03/1945,0.1072
06/02/1945,0.0149
06/01/1945,0.1535
06/12/1944,0.0951
06/11/1944,0.1518
06/10/1944,0.323
06/09/1944,0.3855
06/08/1944,0.2804
06/07/1944,0.3145
06/06/1944,0.3348
06/05/1944,0.2618
06/04/1944,0.2718
06/03/1944,0.3676
06/02/1944,0.3032
06/01/1944,0.4241
06/12/1943,0.3539
06/11/1943,0.2459
06/10/1943,0.3095
06/09/1943,0.1425
06/08/1943,0.0992
06/07/1943,0.183
06/06/1943,0.0245
06/05/1943,0.1326
06/04/1943,0.1726
06/03/1943,0.0762
06/02/1943,0.1683
06/01/1943,-0.0241
06/12/1942,0.1515
06/11/1942,0.167
06/10/1942,0.1495
06/09/1942,0.1179
06/08/1942,0.044
06/07/1942,0.0768
06/06/1942,0.2098
06/05/1942,0.1665
06/04/1942,0.19
06/03/1942,0.1771
06/02/1942,0.0971
06/01/1942,0.2983
06/12/1941,0.2108
06/11/1941,0.2212
06/10/1941,0.313
06/09/1941,0.0881
06/08/1941,0.1736
06/07/1941,0.2069
06/06/1941,0.1614
06/05/1941,0.2446
06/04/1941,0.2229
06/03/1941,0.1023
06/02/1941,0.227
06/01/1941,0.1802
06/12/1940,0.2683
06/11/1940,0.1004
06/10/1940,0.0993
06/09/1940,0.1483
06/08/1940,0.0902
06/07/1940,0.1459
06/06/1940,0.1039
06/05/1940,0.0556
06/04/1940,0.1286
06/03/1940,0.0671
06/02/1940,0.0514
06/01/1940,-0.1226
06/12/1939,0.4057
06/11/1939,0.044
06/10/1939,-0.0427
06/09/1939,0.0111
06/08/1939,0.0555
06/07/1939,0.0061
06/06/1939,-0.0077
06/05/1939,-0.0366
06/04/1939,-0.1319
06/03/1939,-0.1897
06/02/1939,-0.1137
06/01/1939,-0.1665
06/12/1938,-0.2541
06/11/1938,0.0039
06/10/1938,0.0724
06/09/1938,0.0293
06/08/1938,-0.0149
06/07/1938,-0.0505
06/06/1938,-0.0939
06/05/1938,-0.019
06/04/1938,0.0428
06/03/1938,0.0308
06/02/1938,-0.054
06/01/1938,-0.0378
06/12/1937,-0.0919
06/11/1937,0.0099
06/10/1937,0.1137
06/09/1937,0.1316
06/08/1937,0.093
06/07/1937,-0.0004
06/06/1937,0.0126
06/05/1937,-0.0187
06/04/1937,-0.1262
06/03/1937,-0.1823
06/02/1937,0.0385
06/01/1937,-0.1684
06/12/1936,-0.0193
06/11/1936,-0.0275
06/10/1936,-0.0224
06/09/1936,-0.0389
06/08/1936,-0.0557
06/07/1936,-0.0139
06/06/1936,-0.1075
06/05/1936,-0.1178
06/04/1936,-0.1789
06/03/1936,-0.2107
06/02/1936,-0.3137
06/01/1936,-0.2547
06/12/1935,-0.1769
06/11/1935,-0.2707
06/10/1935,-0.013
06/09/1935,-0.0916
06/08/1935,-0.1003
06/07/1935,-0.1155
06/06/1935,-0.1706
06/05/1935,-0.2038
06/04/1935,-0.2567
06/03/1935,-0.1475
06/02/1935,0.1659
06/01/1935,-0.2894
06/12/1934,-0.0256
06/11/1934,0.0128
06/10/1934,-0.0693
06/09/1934,-0.1226
06/08/1934,-0.0548
06/07/1934,-0.0894
06/06/1934,-0.0025
06/05/1934,-0.0444
06/04/1934,-0.2318
06/03/1934,-0.2574
06/02/1934,-0.0231
06/01/1934,-0.3102
06/12/1933,-0.4069
06/11/1933,-0.2548
06/10/1933,-0.1879
06/09/1933,-0.2214
06/08/1933,-0.1889
06/07/1933,-0.181
06/06/1933,-0.2007
06/05/1933,-0.2091
06/04/1933,-0.2044
06/03/1933,-0.2476
06/02/1933,-0.3167
06/01/1933,-0.3073
06/12/1932,-0.1861
06/11/1932,-0.1945
06/10/1932,-0.0926
06/09/1932,-0.0695
06/08/1932,-0.1757
06/07/1932,-0.1208
06/06/1932,-0.1578
06/05/1932,-0.1674
06/04/1932,-0.0324
06/03/1932,-0.1799
06/02/1932,-0.1794
06/01/1932,0.1547
06/12/1931,-0.1052
06/11/1931,-0.1139
06/10/1931,0.0092
06/09/1931,0.0035
06/08/1931,0.0047
06/07/1931,-0.0155
06/06/1931,-0.0185
06/05/1931,-0.1499
06/04/1931,-0.1625
06/03/1931,-0.0061
06/02/1931,-0.2225
06/01/1931,-0.047
06/12/1930,0.0064
06/11/1930,0.1368
06/10/1930,-0.0011
06/09/1930,-0.1043
06/08/1930,-0.09
06/07/1930,-0.0692
06/06/1930,-0.1135
06/05/1930,-0.1976
06/04/1930,-0.195
06/03/1930,-0.0549
06/02/1930,-0.2
06/01/1930,-0.3206
06/12/1929,-0.5167
06/11/1929,-0.0971
06/10/1929,-0.1185
06/09/1929,-0.2089
06/08/1929,-0.2078
06/07/1929,-0.2735
06/06/1929,-0.2746
06/05/1929,-0.2886
06/04/1929,-0.2976
06/03/1929,-0.2654
06/02/1929,-0.5495
06/01/1929,-0.484
06/12/1928,-0.1713
06/11/1928,-0.0679
06/10/1928,-0.1256
06/09/1928,-0.1904
06/08/1928,-0.1997
06/07/1928,-0.1773
06/06/1928,-0.2777
06/05/1928,-0.1866
06/04/1928,-0.2444
06/03/1928,-0.263
06/02/1928,-0.145
06/01/1928,-0.08
06/12/1927,-0.3132
06/11/1927,-0.0397
06/10/1927,0.014
06/09/1927,-0.0275
06/08/1927,-0.1145
06/07/1927,-0.1035
06/06/1927,-0.2014
06/05/1927,-0.2286
06/04/1927,-0.2207
06/03/1927,-0.2563
06/02/1927,-0.1917
06/01/1927,-0.1723
06/12/1926,-0.2158
06/11/1926,-0.0784
06/10/1926,-0.084
06/09/1926,-0.1031
06/08/1926,-0.0882
06/07/1926,-0.1582
06/06/1926,-0.1224
06/05/1926,-0.1345
06/04/1926,-0.1389
06/03/1926,0.0756
06/02/1926,0.0811
06/01/1926,0.166
06/12/1925,0.1358
06/11/1925,0.0584
06/10/1925,-0.1326
06/09/1925,-0.104
06/08/1925,-0.1374
06/07/1925,-0.2093
06/06/1925,-0.2291
06/05/1925,-0.2233
06/04/1925,-0.1633
06/03/1925,-0.1692
06/02/1925,-0.2783
06/01/1925,-0.3246
06/12/1924,-0.3912
06/11/1924,-0.2942
06/10/1924,-0.2879
06/09/1924,-0.2836
06/08/1924,-0.2895
06/07/1924,-0.2216
06/06/1924,-0.2259
06/05/1924,-0.1903
06/04/1924,-0.2466
06/03/1924,-0.113
06/02/1924,-0.1859
06/01/1924,-0.2536
06/12/1923,0.0001
06/11/1923,0.0285
06/10/1923,-0.1619
06/09/1923,-0.2454
06/08/1923,-0.2824
06/07/1923,-0.282
06/06/1923,-0.1948
06/05/1923,-0.2488
06/04/1923,-0.3381
06/03/1923,-0.2697
06/02/1923,-0.3785
06/01/1923,-0.2143
06/12/1922,-0.1563
06/11/1922,-0.1929
06/10/1922,-0.2506
06/09/1922,-0.2525
06/08/1922,-0.2793
06/07/1922,-0.2615
06/06/1922,-0.282
06/05/1922,-0.2647
06/04/1922,-0.1301
06/03/1922,-0.0787
06/02/1922,-0.2945
06/01/1922,-0.3221
06/12/1921,-0.0822
06/11/1921,-0.1859
06/10/1921,-0.0662
06/09/1921,-0.1481
06/08/1921,-0.1964
06/07/1921,-0.1123
06/06/1921,-0.1665
06/05/1921,-0.1917
06/04/1921,-0.2059
06/03/1921,-0.2176
06/02/1921,-0.1494
06/01/1921,-0.0598
06/12/1920,-0.3886
06/11/1920,-0.251
06/10/1920,-0.2096
06/09/1920,-0.1755
06/08/1920,-0.2306
06/07/1920,-0.2436
06/06/1920,-0.2559
06/05/1920,-0.1682
06/04/1920,-0.2098
06/03/1920,-0.0583
06/02/1920,-0.2197
06/01/1920,-0.1157
06/12/1919,-0.298
06/11/1919,-0.3178
06/10/1919,-0.22
06/09/1919,-0.1833
06/08/1919,-0.2077
06/07/1919,-0.2155
06/06/1919,-0.2348
06/05/1919,-0.1837
06/04/1919,-0.0704
06/03/1919,-0.2393
06/02/1919,-0.053
06/01/1919,-0.2424
06/12/1918,-0.3195
06/11/1918,-0.1154
06/10/1918,-0.0998
06/09/1918,-0.1481
06/08/1918,-0.1777
06/07/1918,-0.2024
06/06/1918,-0.1829
06/05/1918,-0.276
06/04/1918,-0.2966
06/03/1918,-0.1783
06/02/1918,-0.2892
06/01/1918,-0.2146
06/12/1917,-0.5329
06/11/1917,-0.1348
06/10/1917,-0.2602
06/09/1917,-0.0635
06/08/1917,-0.1726
06/07/1917,-0.1721
06/06/1917,-0.3432
06/05/1917,-0.45
06/04/1917,-0.3146
06/03/1917,-0.4287
06/02/1917,-0.4721
06/01/1917,-0.4299
06/12/1916,-0.5742
06/11/1916,-0.3957
06/10/1916,-0.2651
06/09/1916,-0.2616
06/08/1916,-0.2743
06/07/1916,-0.2889
06/06/1916,-0.3834
06/05/1916,-0.2245
06/04/1916,-0.1978
06/03/1916,-0.2944
06/02/1916,-0.1759
06/01/1916,-0.1797
06/12/1915,-0.0503
06/11/1915,-0.0116
06/10/1915,-0.1722
06/09/1915,-0.1111
06/08/1915,-0.076
06/07/1915,-0.0284
06/06/1915,-0.0858
06/05/1915,-0.0685
06/04/1915,0.0215
06/03/1915,-0.1011
06/02/1915,-0.0108
06/01/1915,-0.1374
06/12/1914,-0.0998
06/11/1914,-0.1202
06/10/1914,-0.0938
06/09/1914,-0.1781
06/08/1914,-0.1757
06/07/1914,-0.2095
06/06/1914,-0.1963
06/05/1914,-0.1647
06/04/1914,-0.2481
06/03/1914,-0.1633
06/02/1914,-0.1203
06/01/1914,0.0961
06/12/1913,-0.0374
06/11/1913,-0.1371
06/10/1913,-0.3112
06/09/1913,-0.3562
06/08/1913,-0.328
06/07/1913,-0.3534
06/06/1913,-0.3779
06/05/1913,-0.394
06/04/1913,-0.3506
06/03/1913,-0.4077
06/02/1913,-0.3899
06/01/1913,-0.3513
06/12/1912,-0.3553
06/11/1912,-0.4122
06/10/1912,-0.5185
06/09/1912,-0.5056
06/08/1912,-0.4516
06/07/1912,-0.314
06/06/1912,-0.26
06/05/1912,-0.2257
06/04/1912,-0.2027
06/03/1912,-0.3123
06/02/1912,-0.1091
06/01/1912,-0.2791
06/12/1911,-0.2456
06/11/1911,-0.2571
06/10/1911,-0.3433
06/09/1911,-0.3983
06/08/1911,-0.4541
06/07/1911,-0.4658
06/06/1911,-0.4443
06/05/1911,-0.4775
06/04/1911,-0.5099
06/03/1911,-0.5697
06/02/1911,-0.5265
06/01/1911,-0.5067
06/12/1910,-0.5626
06/11/1910,-0.4956
06/10/1910,-0.4199
06/09/1910,-0.3322
06/08/1910,-0.3325
06/07/1910,-0.3264
06/06/1910,-0.3525
06/05/1910,-0.2999
06/04/1910,-0.339
06/03/1910,-0.4202
06/02/1910,-0.3627
06/01/1910,-0.3035
06/12/1909,-0.4071
06/11/1909,-0.2733
06/10/1909,-0.3935
06/09/1909,-0.3611
06/08/1909,-0.3052
06/07/1909,-0.435
06/06/1909,-0.4145
06/05/1909,-0.4512
06/04/1909,-0.5264
06/03/1909,-0.5399
06/02/1909,-0.4563
06/01/1909,-0.5499
06/12/1908,-0.3846
06/11/1908,-0.4833
06/10/1908,-0.5169
06/09/1908,-0.3973
06/08/1908,-0.4787
06/07/1908,-0.3874
06/06/1908,-0.4062
06/05/1908,-0.3982
06/04/1908,-0.4832
06/03/1908,-0.6041
06/02/1908,-0.3753
06/01/1908,-0.36
06/12/1907,-0.3922
06/11/1907,-0.5055
06/10/1907,-0.3047
06/09/1907,-0.3364
06/08/1907,-0.3378
06/07/1907,-0.3547
06/06/1907,-0.3742
06/05/1907,-0.4669
06/04/1907,-0.3508
06/03/1907,-0.276
06/02/1907,-0.4038
06/01/1907,-0.3443
06/12/1906,-0.165
06/11/1906,-0.3676
06/10/1906,-0.2809
06/09/1906,-0.3053
06/08/1906,-0.2362
06/07/1906,-0.2467
06/06/1906,-0.1768
06/05/1906,-0.2166
06/04/1906,-0.0514
06/03/1906,-0.1484
06/02/1906,-0.2379
06/01/1906,-0.1755
06/12/1905,-0.1334
06/11/1905,-0.0916
06/10/1905,-0.296
06/09/1905,-0.2239
06/08/1905,-0.2275
06/07/1905,-0.1918
06/06/1905,-0.2503
06/05/1905,-0.2879
06/04/1905,-0.4481
06/03/1905,-0.394
06/02/1905,-0.6187
06/01/1905,-0.354
06/12/1904,-0.2414
06/11/1904,-0.1686
06/10/1904,-0.4066
06/09/1904,-0.4632
06/08/1904,-0.4314
06/07/1904,-0.4597
06/06/1904,-0.4403
06/05/1904,-0.4282
06/04/1904,-0.4717
06/03/1904,-0.5129
06/02/1904,-0.467
06/01/1904,-0.5416
06/12/1903,-0.3861
06/11/1903,-0.395
06/10/1903,-0.4357
06/09/1903,-0.3756
06/08/1903,-0.4296
06/07/1903,-0.334
06/06/1903,-0.3759
06/05/1903,-0.3912
06/04/1903,-0.354
06/03/1903,-0.2755
06/02/1903,-0.08
06/01/1903,-0.2101
06/12/1902,-0.3592
06/11/1902,-0.343
06/10/1902,-0.2821
06/09/1902,-0.2315
06/08/1902,-0.2643
06/07/1902,-0.2902
06/06/1902,-0.3324
06/05/1902,-0.2616
06/04/1902,-0.2697
06/03/1902,-0.1954
06/02/1902,-0.0409
06/01/1902,-0.0856
06/12/1901,-0.2372
06/11/1901,-0.1425
06/10/1901,-0.2786
06/09/1901,-0.2059
06/08/1901,-0.1299
06/07/1901,-0.1563
06/06/1901,-0.1273
06/05/1901,-0.1248
06/04/1901,-0.0646
06/03/1901,-0.0327
06/02/1901,-0.0741
06/01/1901,-0.1259
06/12/1900,0.032
06/11/1900,-0.1345
06/10/1900,0.0464
06/09/1900,-0.06
06/08/1900,-0.0708
06/07/1900,-0.0728
06/06/1900,-0.045
06/05/1900,-0.0371
06/04/1900,-0.0985
06/03/1900,-0.0402
06/02/1900,-0.0934
06/01/1900,-0.2404
06/12/1899,-0.1656
06/11/1899,0.1523
06/10/1899,-0.0241
06/09/1899,-0.0307
06/08/1899,-0.0664
06/07/1899,-0.1259
06/06/1899,-0.1977
06/05/1899,-0.1203
06/04/1899,-0.1946
06/03/1899,-0.2549
06/02/1899,-0.2787
06/01/1899,-0.1005
06/12/1898,-0.0073
06/11/1898,-0.2417
06/10/1898,-0.3234
06/09/1898,-0.1968
06/08/1898,-0.2306
06/07/1898,-0.2426
06/06/1898,-0.2078
06/05/1898,-0.2887
06/04/1898,-0.3467
06/03/1898,-0.6515
06/02/1898,-0.2785
06/01/1898,-0.0399
06/12/1897,-0.2989
06/11/1897,-0.2619
06/10/1897,-0.1608
06/09/1897,-0.0247
06/08/1897,-0.0735
06/07/1897,-0.0401
06/06/1897,-0.1
06/05/1897,-0.0256
06/04/1897,-0.0032
06/03/1897,-0.1863
06/02/1897,-0.1086
06/01/1897,-0.1857
06/12/1896,0.049
06/11/1896,-0.1659
06/10/1896,-0.0056
06/09/1896,-0.0679
06/08/1896,-0.0723
06/07/1896,-0.0509
06/06/1896,-0.0925
06/05/1896,-0.1042
06/04/1896,-0.266
06/03/1896,-0.2079
06/02/1896,-0.0789
06/01/1896,-0.1056
06/12/1895,-0.069
06/11/1895,-0.1602
06/10/1895,-0.1317
06/09/1895,-0.1329
06/08/1895,-0.2243
06/07/1895,-0.201
06/06/1895,-0.2938
06/05/1895,-0.2076
06/04/1895,-0.1868
06/03/1895,-0.2879
06/02/1895,-0.4136
06/01/1895,-0.4389
06/12/1894,-0.2412
06/11/1894,-0.2979
06/10/1894,-0.2135
06/09/1894,-0.2531
06/08/1894,-0.2735
06/07/1894,-0.2738
06/06/1894,-0.3487
06/05/1894,-0.3018
06/04/1894,-0.3023
06/03/1894,-0.2064
06/02/1894,-0.2215
06/01/1894,-0.436
06/12/1893,-0.2452
06/11/1893,-0.1657
06/10/1893,-0.2099
06/09/1893,-0.2587
06/08/1893,-0.3281
06/07/1893,-0.2018
06/06/1893,-0.2405
06/05/1893,-0.3421
06/04/1893,-0.35
06/03/1893,-0.2218
06/02/1893,-0.6107
06/01/1893,-0.6796
06/12/1892,-0.4708
06/11/1892,-0.4728
06/10/1892,-0.2464
06/09/1892,-0.2198
06/08/1892,-0.3279
06/07/1892,-0.3497
06/06/1892,-0.2831
06/05/1892,-0.3081
06/04/1892,-0.3203
06/03/1892,-0.3032
06/02/1892,-0.1353
06/01/1892,-0.2372
06/12/1891,-0.0421
06/11/1891,-0.3968
06/10/1891,-0.2861
06/09/1891,-0.1514
06/08/1891,-0.2313
06/07/1891,-0.2264
06/06/1891,-0.2023
06/05/1891,-0.1374
06/04/1891,-0.2523
06/03/1891,-0.212
06/02/1891,-0.5228
06/01/1891,-0.3772
06/12/1890,-0.2302
06/11/1890,-0.3419
06/10/1890,-0.2941
06/09/1890,-0.3508
06/08/1890,-0.3257
06/07/1890,-0.2802
06/06/1890,-0.2875
06/05/1890,-0.3892
06/04/1890,-0.2588
06/03/1890,-0.3189
06/02/1890,-0.4268
06/01/1890,-0.3594
06/12/1889,-0.175
06/11/1889,-0.2769
06/10/1889,-0.1913
06/09/1889,-0.2264
06/08/1889,-0.137
06/07/1889,-0.1604
06/06/1889,-0.0698
06/05/1889,-0.0326
06/04/1889,0.0496
06/03/1889,0.1207
06/02/1889,0.0152
06/01/1889,-0.0944
06/12/1888,0.0445
06/11/1888,-0.0418
06/10/1888,0.019
06/09/1888,-0.069
06/08/1888,-0.1633
06/07/1888,-0.1149
06/06/1888,-0.0943
06/05/1888,-0.1561
06/04/1888,-0.1761
06/03/1888,-0.2974
06/02/1888,-0.3288
06/01/1888,-0.3871
06/12/1887,-0.1988
06/11/1887,-0.1572
06/10/1887,-0.2995
06/09/1887,-0.1827
06/08/1887,-0.3148
06/07/1887,-0.2707
06/06/1887,-0.2149
06/05/1887,-0.239
06/04/1887,-0.1899
06/03/1887,-0.1655
06/02/1887,-0.3745
06/01/1887,-0.3792
06/12/1886,-0.163
06/11/1886,-0.1952
06/10/1886,-0.2261
06/09/1886,-0.1969
06/08/1886,-0.2146
06/07/1886,-0.1599
06/06/1886,-0.2468
06/05/1886,-0.1573
06/04/1886,-0.1679
06/03/1886,-0.2823
06/02/1886,-0.2795
06/01/1886,-0.1143
06/12/1885,0.05
06/11/1885,-0.1262
06/10/1885,-0.1289
06/09/1885,-0.1963
06/08/1885,-0.2407
06/07/1885,-0.2375
06/06/1885,-0.3052
06/05/1885,-0.2787
06/04/1885,-0.2564
06/03/1885,-0.1473
06/02/1885,-0.2558
06/01/1885,-0.4267
06/12/1884,-0.144
06/11/1884,-0.2692
06/10/1884,-0.1695
06/09/1884,-0.2238
06/08/1884,-0.2698
06/07/1884,-0.2985
06/06/1884,-0.1939
06/05/1884,-0.1282
06/04/1884,-0.1809
06/03/1884,-0.2061
06/02/1884,-0.143
06/01/1884,-0.1843
06/12/1883,-0.0738
06/11/1883,-0.1683
06/10/1883,-0.1612
06/09/1883,-0.1467
06/08/1883,-0.0526
06/07/1883,-0.0849
06/06/1883,-0.0066
06/05/1883,-0.1455
06/04/1883,-0.1746
06/03/1883,-0.1326
06/02/1883,-0.2915
06/01/1883,-0.2707
06/12/1882,-0.1705
06/11/1882,-0.1279
06/10/1882,-0.2101
06/09/1882,0.0077
06/08/1882,-0.0037
06/07/1882,-0.0666
06/06/1882,-0.1391
06/05/1882,-0.1459
06/04/1882,-0.1241
06/03/1882,0.0754
06/02/1882,0.0385
06/01/1882,0.0883
06/12/1881,-0.0439
06/11/1881,-0.2194
06/10/1881,-0.2207
06/09/1881,-0.1824
06/08/1881,-0.0519
06/07/1881,-0.0329
06/06/1881,-0.0892
06/05/1881,0.0284
06/04/1881,0.0734
06/03/1881,0.0348
06/02/1881,-0.0296
06/01/1881,-0.0205
06/12/1880,-0.0775
06/11/1880,-0.2672
06/10/1880,-0.1786
06/09/1880,-0.0817
06/08/1880,-0.0725
06/07/1880,-0.1491
06/06/1880,-0.1692
06/05/1880,-0.0738
06/04/1880,-0.0499
06/03/1880,-0.1357
06/02/1880,-0.1229
06/01/1880,0.0009
